{
    "loss": 2.6286814212799072,
    "accuracy": 0.6187050342559814
}